created_date,job_title,company,salary,address,link_description,time,job_description
2025-11-15,IT Business Analyst (BA),CÔNG TY CỔ PHẦN THƯƠNG MẠI - DỊCH VỤ MOOV,Thoả thuận,Hồ Chí Minh: Phường An Khánh,https://www.topcv.vn/viec-lam/it-business-analyst-ba/1951909.html?ta_source=JobSearchList_LinkDetail,Còn 28 ngày,"We are looking for a skilled IT Business Analyst (BA) to bridge the gap between business needs and technical solutions. The BA will collaborate with stakeholders, gather requirements, analyze business processes, and help ensure that our technology solutions align with company goals. Key Responsibilities: ● Work closely with stakeholders (internal teams, clients, and users) to gather, analyze, and document business and functional requirements. ● Translate business needs into detailed technical specifications for the development team. ● Assist in defining user stories, workflows, and wireframes for product features. ● Collaborate with UI/UX designers to ensure a seamless user experience. ● Work with developers and testers to ensure requirements are properly implemented. ● Participate in sprint planning, backlog grooming, and product roadmap discussions. ● Analyze and improve existing business processes to enhance operational efficiency. ● Develop and maintain documentation including Business Requirement Documents (BRD), Functional Requirement Documents (FRD), and Use Case documents. ● Conduct market research and competitor analysis to inform business strategies. ● Support UAT (User Acceptance Testing) and work with Quality Control (QC) to validate functionality. ● Provide ongoing support and training for internal teams."
2025-11-16,Nhân Viên Kinh Doanh - Xuất Nhập Khẩu Hàng Hóa Nông Sản,CÔNG TY TNHH THƯƠNG MẠI NAMAGRO,9 - 15 triệu,Hồ Chí Minh: Phường An Khánh,https://www.topcv.vn/viec-lam/nhan-vien-kinh-doanh-xuat-nhap-khau-hang-hoa-nong-san/1953486.html?ta_source=JobSearchList_LinkDetail,Còn 28 ngày,"1.	Obtaining offers in the market and updating to the trading team/ Lấy báo giá, chào hàng từ nhà cung cấp/thị trường và cập nhật hàng ngày cho Đội Kinh Doanh 2.	Writing periodic market reports/ Làm báo cáo thị trường định kỳ (tuần, tháng,...) 3.	Obtaining bids from customers and matching them with supply partners/ Tìm kiếm và lấy yêu cầu mua hàng/chào mua hàng từ khách hàng và khớp với chào giá phù hợp từ nhà cung cấp. 4.	Customer acquisition: searching for potential customers, sending company pitch, analyzing customer requirements, etc .../ Tìm kiếm khách hàng mới: Tìm kiếm khách hàng tiềm năng, phù hợp, gửi giới thiệu công ty, phân tích nhu cầu của khách hàng,... 5.	Organizing sending samples and specifications to the potential customers/ Gửi mẫu hàng hoá và các chứng từ chất lượng liên quan tới khách hàng tiềm năng. 6.	Inspection of cargo being shipped to existing customers/ Đi kiểm chất lượng hàng hoá trước khi hàng được đóng và giao tới khách hàng 7.	Coordinating with the logistics department, finance department, quality department, and other functional departments to execute contracts/ Phối hợp với các phòng Logistics, Kế toán tài chính, Chất lượng và các phòng chức năng khác để thực hiện hợp đồng đã ký hiệu quả và thành công. 8.	Maintaining standard operating procedure for customers/ Tuân thủ và thực hiện đúng các quy trình làm việc của công ty với khách hàng 9.	Developing new supply partners, audit their facilities and build relationships/ Tìm và phát triển các nhà cung cấp mới, kiểm tra các cơ sở sản xuất và năng lực kinh doanh của họ, xây dựng quan hệ tốt với họ. 10.	 Finding the opportunities for trade marketing through tradeshows, customer visits, conferences, etc.../ Tìm kiếm các cơ hội để quảng bá kinh doanh thông qua các hội chợ thương mại trong nước và quốc tế, thăm viếng khách hàng, hội nghị,... 11.	Analyzing data on export and import toward forming a view of the market and approaching potential partners/ Phân tích dữ liệu xuất và nhập khẩu để có thể tìm ra những thông tin hữu ích về thị trường, và cơ hội tiếp cận các khách hàng tiềm năng."
2025-11-15,Kế Toán Viên – 2 Nhân Sự,CÔNG TY TNHH NHÀ HÀNG MÈO MẬP,8 - 11 triệu,Hồ Chí Minh: Phường Cầu Ông Lãnh,https://www.topcv.vn/viec-lam/ke-toan-vien-2-nhan-su/1953510.html?ta_source=JobSearchList_LinkDetail,Còn 28 ngày,"· Lập phiếu thu, phiếu chi, ủy nhiệm chi, giấy báo nợ, giấy báo có,… · Thực hiện các giao dịch thanh toán qua ngân hàng hoặc tiền mặt đúng quy trình. · Theo dõi tình hình tồn quỹ và tài khoản ngân hàng của công ty. · Xuất hóa đơn bán hàng. · Nhập liệu hóa đơn đầu ra, đầu vào lên hệ thống. · Quản lý công nợ phải thu, phải trả; đối chiếu công nợ với khách hàng và nhà cung cấp định kỳ. · Kiểm soát nhập – xuất – tồn kho. · Tổng hợp các báo cáo nội bộ định kỳ: doanh thu, chi phí, tồn kho, công nợ. · Lưu trữ chứng từ, sổ sách hành chính và kế toán; phối hợp với kế toán trưởng lập báo cáo tài chính. · Thực hiện các công việc khác theo sự phân công của cấp trên."
2025-11-15,Chuyên Viên Hành Chính Nhân Sự,CÔNG TY TNHH NHÀ HÀNG MÈO MẬP,12 - 15 triệu,Hồ Chí Minh: Phường Cầu Ông Lãnh,https://www.topcv.vn/viec-lam/chuyen-vien-hanh-chinh-nhan-su/1953573.html?ta_source=JobSearchList_LinkDetail,Còn 28 ngày,"Chịu trách nhiệm chấm công, tính lương và chi lương hàng tháng cho CBNV. Thực hiện tuyển dụng: đăng tin, sàng lọc CV, hẹn phỏng vấn, tổ chức phỏng vấn và báo cáo kết quả cho Giám đốc. Hỗ trợ onboarding: tiếp nhận hồ sơ, ký hợp đồng thử việc, thư mời, hướng dẫn nhân viên mới. Cập nhật và triển khai các chính sách nhân sự, nội quy, quy trình làm việc. Thực hiện các thủ tục nhân sự: Quyết định tuyển dụng, nghỉ việc, điều động, kỷ luật, HĐLĐ và các cam kết liên quan. Quản lý & lưu trữ hồ sơ nhân sự, đơn từ, biên bản bàn giao. Theo dõi và tổng hợp báo cáo chấm công từ máy chấm công vân tay. Quản lý văn phòng phẩm, tài sản, trang thiết bị; đảm bảo môi trường làm việc gọn gàng – chuyên nghiệp. Hỗ trợ các hoạt động truyền thông nội bộ, sự kiện công ty. Hỗ trợ tiếp nhận, lưu trữ, chuyển phát chứng từ – hồ sơ nhân viên. Thực hiện các công việc khác theo phân công của cấp trên."
2025-11-15,Nhân Viên Audit Thị Trường,Công Ty TNHH Phân Phối Tiên Tiến,Thoả thuận,Hồ Chí Minh: Phường Tây Thạnh và 2 nơi khác,https://www.topcv.vn/viec-lam/nhan-vien-audit-thi-truong/1952947.html?ta_source=JobSearchList_LinkDetail,Còn 27 ngày,"•	Kiểm tra việc thực hiện và tuân thủ các yêu cầu, chính sách liên quan đến dịch vụ khách hàng. •	Kiểm tra các hoạt động liên quan tới vận hành kho bãi. •	Kiểm tra tính xác thực, hợp lý và hợp lệ các chi phí, thông qua kiểm tra thực tế việc thực hiện các chương trình khuyến mãi của các ngành hàng trong Công ty. •	Lập các báo cáo kết quả công việc theo quy định. •	Thực hiện các công việc khác theo sự phân công, chỉ đạo của cấp trên. •	Báo cáo cho: Giám sát audit nội bộ."
2025-11-15,Nhân Viên Xử Lý Đơn Hàng,Công Ty TNHH Phân Phối Tiên Tiến,Từ 8 triệu,Hồ Chí Minh: Phường Tây Thạnh,https://www.topcv.vn/viec-lam/nhan-vien-xu-ly-don-hang/1952959.html?ta_source=JobSearchList_LinkDetail,,
2025-11-15,"Giám Đốc Sale - Marketing B2B (Mảng Coworking Space) / Từ 3 Năm Kinh Nghiệm / Quận 1, HCM",CÔNG TY CỔ PHẦN LOYALTY WORLD X TINI,Thoả thuận,Hồ Chí Minh: Phường Cầu Ông Lãnh,https://www.topcv.vn/viec-lam/giam-doc-sale-marketing-b2b-mang-coworking-space-tu-3-nam-kinh-nghiem-quan-1-hcm/1952561.html?ta_source=JobSearchList_LinkDetail,Còn 27 ngày,"- Xây dựng & triển khai chiến lược Sales – Marketing theo từng quý/năm. - Quản lý đội ngũ Sales: tuyển dụng – đào tạo – đặt KPI – giám sát hiệu quả. - Phát triển tệp khách hàng B2B/B2C: SME, startup, freelancer, đối tác môi giới. - Thiết kế gói sản phẩm: Hotdesk, Dedicated desk, Private Office, Meeting Room... - Quản lý các chiến dịch Digital/Offline, tối ưu chi phí & hiệu quả (CAC, ROI). - Tổ chức sự kiện cộng đồng: Workshop, Networking, Open House. - Phối hợp vận hành để đảm bảo tour khách & trải nghiệm dịch vụ tốt nhất."
2025-11-15,Sale Admin – CSKH (Đối Soát & Hỗ Trợ Kinh Doanh),CÔNG TY TNHH NHÀ HÀNG MÈO MẬP,12 - 15 triệu,Hồ Chí Minh: Phường Cầu Ông Lãnh,https://www.topcv.vn/viec-lam/sale-admin-cskh-doi-soat-ho-tro-kinh-doanh/1953600.html?ta_source=JobSearchList_LinkDetail,Còn 28 ngày,"1. Đối soát & thanh toán Xuất dữ liệu đơn hàng phục vụ việc đối soát. Lập bộ hồ sơ: biên bản đối soát, báo cáo doanh thu, danh sách đơn hàng. Gửi hồ sơ cho đối tác, theo dõi phản hồi và xác nhận. Tiếp nhận và lưu hóa đơn VAT. Chuẩn bị chứng từ thanh toán. Phối hợp với kế toán trong quá trình thanh toán. Lưu trữ chứng từ khoa học, dễ tra cứu. 2. Quản lý hợp đồng & đối tác Theo dõi danh sách điểm đặt và hợp đồng. Quản lý quá trình ký mới, gia hạn, chấm dứt. Gửi đề xuất hợp tác và cập nhật quyền lợi cho đối tác. Hỗ trợ các yêu cầu phát sinh từ điểm đặt. 3. Thiết bị & kế hoạch vận hành Theo dõi tình trạng hoạt động của thiết bị. Lập lịch kiểm tra định kỳ, chăm sóc điểm đặt. Phân công công việc cho nhân viên vận hành. Phối hợp xử lý sự cố hoặc thay đổi vị trí thiết bị. 4. Tổng hợp & báo cáo dữ liệu Tổng hợp số liệu doanh thu. Đối chiếu dữ liệu với bộ phận liên quan. Báo cáo tình trạng đối soát và các hồ sơ còn tồn. 5. Chăm sóc khách hàng Tiếp nhận và phản hồi thắc mắc qua các kênh liên lạc. Hướng dẫn khách hàng về cách sử dụng dịch vụ. Chuyển thông tin hợp tác mới cho bộ phận kinh doanh. Ghi nhận vấn đề và báo cáo kịp thời. Xử lý linh hoạt các yêu cầu khẩn. 6. Phối hợp nội bộ Làm việc với kế toán về đối soát và thanh toán. Phối hợp với vận hành trong xử lý thiết bị và điểm đặt. Hỗ trợ tổng hợp báo cáo cho trưởng bộ phận."
2025-11-14,Marketing Manager,The Vibes,18 - 25 triệu,Hồ Chí Minh: Phường Bình Trưng,https://www.topcv.vn/viec-lam/marketing-manager/1951441.html?ta_source=JobSearchList_LinkDetail,,
2025-11-14,Trưởng Nhóm Điều Hành Xe/ Điều Phối Xe (Đầu Kéo/ Vận Tải) - Lương Cứng 13-17 Triệu + Thưởng - Đi Làm...,CÔNG TY TNHH GIAO NHẬN VẬN CHUYỂN ĐƯỜNG SẮT HÀ NỘI RATRACO,13 - 17 triệu,Hồ Chí Minh: Phường Bình Dương,https://www.topcv.vn/viec-lam/truong-nhom-dieu-hanh-xe-dieu-phoi-xe-dau-keo-van-tai-luong-cung-13-17-trieu-thuong-di-lam-ngay/1951794.html?ta_source=JobSearchList_LinkDetail,,
2025-11-14,"Chuyên Viên Pháp Lý (Thu Nhập 14 - 18 Triệu, Phường Tân Hưng - TPHCM)",Công ty TNHH Thương Mại Giải Pháp Ưu Việt,14 - 18 triệu,Hồ Chí Minh: Phường Tân Hưng,https://www.topcv.vn/viec-lam/chuyen-vien-phap-ly-thu-nhap-14-18-trieu-phuong-tan-hung-tphcm/1952295.html?ta_source=JobSearchList_LinkDetail,,
2025-11-14,"Kỹ Sư Tự Động Hóa (PLC, Robot)",Công Ty Cổ Phần Công Nghiệp Weldcom,12 - 17 triệu,Hà Nội: Phường Việt Hưng,https://www.topcv.vn/viec-lam/ky-su-tu-dong-hoa-plc-robot/1952342.html?ta_source=JobSearchList_LinkDetail,,
2025-11-15,Nhân Viên Content Marketing Ngành Làm Đẹp - Đi Làm Ngay Tại Q1- TPHCM,CÔNG TY TNHH THẨM MỸ HOÀNG HƯNG,Từ 12 triệu,Hồ Chí Minh: Phường Tân Định,https://www.topcv.vn/viec-lam/nhan-vien-content-marketing-nganh-lam-dep-di-lam-ngay-tai-q1-tphcm/1952391.html?ta_source=JobSearchList_LinkDetail,,
2025-11-14,Lễ Tân/CSKH BĐS (Không Sales),CÔNG TY CỔ PHẦN TẬP ĐOÀN BẤT ĐỘNG SẢN MẶT TRỜI,Thoả thuận,"Hà Nội: Phường Hai Bà Trưng, Phường Tây Hồ:Hồ Chí Minh: Phường Sài Gòn, Phường Vũng Tàu:Bắc Ninh: Phường Kinh Bắc, Xã Tiên Du:An Giang: Đặc khu Phú Quốc:Khánh Hòa: Phường Nha Trang:Ninh Bình: Phường Hà Nam:Quảng Ninh: Phường Bãi Cháy",https://www.topcv.vn/viec-lam/le-tan-cskh-bds-khong-sales/1952415.html?ta_source=JobSearchList_LinkDetail,Còn 27 ngày,"- Đón tiếp khách hàng, hỗ trợ khách đăng ký và điều phối khách hàng vào khu vực tư vấn. - Quản lý sảnh, tủ brochure, quầy lễ tân và hình ảnh đầu vào của VP - Trực tổng đài điện thoại, nhận - chuyển cuộc gọi đến các phòng, ghi nhận thông tin từ khách hàng nhắn lại. Gọi điện thoại ra ngoài theo yêu cầu của CBCVN. - Quản lý việc giao nhận thư giao dịch chính xác không làm thất thoát tài liệu quan trọng liên quan đến Tập đoàn ra bên ngoài. - Hướng dẫn khách đến liên lạc công tác: Tuỳ theo từng trường hợp công việc của khách cần hay có yêu cầu các phòng ban, sắp xếp khách làm việc ở phòng khách hay tại sảnh. - Quản lý, giữ gìn khu vực sảnh lễ tân luôn sạch sẽ, gọn gàng. - Quản lý phòng họp, chuẩn bị nước uống, giữ vệ sinh khu vực phòng họp. - Quản lý mua sắm các nhu yếu phẩm (trà, café…) cho văn phòng Công ty; - Chăm sóc, hướng dẫn, phục vụ khách hàng đến tham quan, trải nghiệm tại VPBH - Hướng dẫn, điều phối, phân luồng khách hàng ký thủ tục tại Phòng thủ tục - Ghi nhận và báo cáo các phản hồi trải nghiệm từ khách hàng. - Hoàn thành các công việc khác do ban lãnh đạo giao phó. - Thực hiện các công việc khác theo sự phân công của Trưởng phòng Tổng hợp"
2025-11-15,Nhân Viên Tư Vấn Bán Hàng Vua Nệm,CÔNG TY CỔ PHẦN VUA NỆM,8 - 12 triệu,Hà Nội: Phường Cầu Giấy và 6 nơi khác:Đà Nẵng: Phường Thanh Khê:Hải Phòng: Phường Lê Thanh Nghị:Phú Thọ: Phường Phúc Yên:Tuyên Quang: Xã Tân Quang,https://www.topcv.vn/viec-lam/nhan-vien-tu-van-ban-hang-vua-nem/1952705.html?ta_source=JobSearchList_LinkDetail,,
2025-11-14,Quản Lý Sản Xuất (Ngành Thực Phẩm) - Lương 15-20 Triệu - Tại TP. HCM,CÔNG TY TNHH C.A.T LOGISTICS,15 - 20 triệu,Hồ Chí Minh: Phường An Hội Tây,https://www.topcv.vn/viec-lam/quan-ly-san-xuat-nganh-thuc-pham-luong-15-20-trieu-tai-tp-hcm/1952834.html?ta_source=JobSearchList_LinkDetail,Còn 27 ngày,"- Quản lý hoạt động sản xuất Tiếp nhận, lên kế hoạch sản xuất sơ chế hàng Tạo phiếu chế biến trên hệ thống IPOS Kiểm tra chất lượng thành phẩm/nguyên liệu Quản lý thiết bị máy móc đảm bảo tình trạng hoạt động của máy móc, đề xuất bảo trì, sửa chữa khi cần. - Lập kế hoạch sản xuất Phối hợp với phòng R&D để xây dựng và triển khai kế hoạch sản xuất chi tiết. Đảm bảo kế hoạch sản xuất phù hợp với năng lực máy móc, nhân sự và nguyên vật liệu hiện có. - Quản lý Chất lượng và Vệ sinh Phối hợp với bộ phận QA/QC để giám sát và duy trì các tiêu chuẩn về an toàn vệ sinh thực phẩm , đảm bảo khu vực nhà hàng luôn sạch sẽ và gọn gàng. Chịu trách nhiệm bảo quản, bảo trì các thiết bị, dụng cụ trong nhà hàng và báo cáo kịp thời các vấn đề hỏng hóc. - Quản lý nhân sự sản xuất Phân công công việc, đào tạo, đánh giá hiệu quả làm việc của nhân viên. Đề xuất tuyển dụng, thuyên chuyển, bổ nhiệm - Báo cáo Báo cáo hàng ngày/tuần: năng xuất,hao hụt, hàng lỗi, hàng chờ xử lý. Phân tích dữ liệu để đánh giá hiệu quả sản xuất, đưa ra các đề xuất cải thiện."
2025-11-15,Nhân Viên Bán Hàng  Fulltime HCM Cửa Hàng Phúc Long,Công ty Cổ phần Phúc Long Heritage,Thoả thuận,Hồ Chí Minh: Phường Gò Vấp,https://www.topcv.vn/viec-lam/nhan-vien-ban-hang-fulltime-hcm-cua-hang-phuc-long/1952977.html?ta_source=JobSearchList_LinkDetail,Còn 27 ngày,"Thực hiện pha chế thức uống cho khách hàng theo đúng quy trình, công thức. Hướng dẫn tư vấn cho khách hàng lựa chọn thực đơn, cung cấp cho khách hàng thông tin về sản phẩm dịch vụ của cửa hàng và thực hiện thanh toán Đảm bảo tình hình vệ sinh khu vực quầy bar, quầy pha chế luôn sạch sẽ, phù hợp tiêu chuẩn VS.ATTP. Đảm bảo tiền doanh thu trong ca làm việc, báo cáo doanh thu... Đảm bảo sự hài lòng của khách hàng về chất lượng dịch vụ tại cửa hàng Một số công việc khác theo sự phân công của Quản Lý cửa hàng / Giám sát ca."
2025-11-14,Tài Xế Lái Xe Gia Đình,Công ty CP ITR VN,10 - 11 triệu,Hồ Chí Minh: Phường Tân Mỹ,https://www.topcv.vn/viec-lam/tai-xe-lai-xe-gia-dinh/1953065.html?ta_source=JobSearchList_LinkDetail,Còn 27 ngày,"Đưa đón đúng giờ, đúng lộ trình theo yêu cầu công việc và lịch trình cá nhân. Lái xe an toàn, đúng luật, thường xuyên cập nhật tình hình giao thông, thời tiết để lựa chọn tuyến đường tối ưu, đảm bảo lịch trình di chuyển hiệu quả. Chủ động kiểm tra, bảo dưỡng xe định kỳ, đảm bảo xe luôn trong tình trạng sạch sẽ và hoạt động tốt. Chủ động hỗ trợ các công việc khác theo yêu cầu (nếu có) Thời gian làm việc: Giờ làm việc: 7:00 - 17:00, từ Thứ 2 đến Thứ 6. Ngoài thời gian trên được hưởng lương ngoài giờ theo quy định"
2025-11-15,Lập Trình Viên DEV.NET (0-2 Năm Kinh Nghiệm) - Thu Nhập 9–16 Triệu,CÔNG TY CỔ PHẦN THƯƠNG MẠI VÀ KHOA HỌC CÔNG NGHỆ VSCM,9 - 16 triệu,Hà Nội: Phường Từ Liêm,https://www.topcv.vn/viec-lam/lap-trinh-vien-dev-net-0-2-nam-kinh-nghiem-thu-nhap-916-trieu/1951775.html?ta_source=JobSearchList_LinkDetail,Còn 28 ngày,"Tham gia phát triển hệ thống ERP cho doanh nghiệp Phát triển tính năng mới theo tài liệu mô tả Sửa lỗi, tối ưu và bảo trì hệ thống Tham gia triển khai hệ thống tại doanh nghiệp (khi cần) Phối hợp làm việc trực tiếp với khách hàng để ghi nhận yêu cầu, kiểm thử và hỗ trợ sử dụng Làm việc trực tiếp với leader & senior, được hướng dẫn chi tiết quy trình thực tế"
2025-11-12,Trưởng Phòng Marketing Ngành Game /Marketing Manager (Marketing Game)- Thu Nhập 40 Triệu,CÔNG TY TNHH CÔNG NGHỆ MẠNG ZOKA,30 - 40 triệu,Hồ Chí Minh: Phường An Khánh,https://www.topcv.vn/viec-lam/truong-phong-marketing-nganh-game-marketing-manager-marketing-game-thu-nhap-40-trieu/1947666.html?ta_source=JobSearchList_LinkDetail,,
2025-11-12,Operation Executive,CÔNG TY TNHH GIRAFSAIL LOGISTICS (VIETNAM),Thoả thuận,Hồ Chí Minh: Phường Tân Sơn Hòa,https://www.topcv.vn/viec-lam/operation-executive/1948214.html?ta_source=JobSearchList_LinkDetail,,
2025-11-12,Giám Sát Xây Dựng Công Trình Thu Nhập 12 Đến 15 Triệu + Phụ Cấp Tại Hồ Chí Minh,CÔNG TY TNHH TƯ VẤN ĐẦU TƯ VÀ XÂY DỰNG FUTACONS,12 - 15 triệu,Hồ Chí Minh: Phường Tân Hưng,https://www.topcv.vn/viec-lam/giam-sat-xay-dung-cong-trinh-thu-nhap-12-den-15-trieu-phu-cap-tai-ho-chi-minh/1949128.html?ta_source=JobSearchList_LinkDetail,,
2025-11-12,Kỹ Sư Cơ Điện - Lương Từ 13 Đến 18 Triệu (Hồ Chí Minh),CÔNG TY TNHH KỸ NGHỆ VIỆT NAM,13 - 18 triệu,Hồ Chí Minh: Phường Thạnh Mỹ Tây,https://www.topcv.vn/viec-lam/ky-su-co-dien-luong-tu-13-den-18-trieu-ho-chi-minh/1949147.html?ta_source=JobSearchList_LinkDetail,,
2025-11-12,Nhân Viên Điều Dưỡng Dụng Cụ (Không Yêu Cầu Kinh Nghiệm),CÔNG TY CỔ PHẦN BỆNH VIỆN ĐA KHOA QUỐC TẾ NAM AN,10 - 20 triệu,Hồ Chí Minh: Phường Vườn Lài,https://www.topcv.vn/viec-lam/nhan-vien-dieu-duong-dung-cu-khong-yeu-cau-kinh-nghiem/1949747.html?ta_source=JobSearchList_LinkDetail,,
2025-11-13,Kỹ Sư Cơ Điện (Thu Nhập 12-25M/Tháng) - Không Yêu Cầu Kinh Nghiệm,Công ty Cổ phần Công nghệ BEE Toàn cầu,10 - 25 triệu,Hà Nội: Phường Từ Liêm,https://www.topcv.vn/viec-lam/ky-su-co-dien-thu-nhap-12-25m-thang-khong-yeu-cau-kinh-nghiem/1949884.html?ta_source=JobSearchList_LinkDetail,,
2025-11-13,Trưởng Phòng Kinh Doanh - Thu Nhập Từ 30 Đến 40 Triệu  (Hỗ Trợ Ăn Trưa Và Trang Thiết Bị Làm Việc) T...,CÔNG TY TNHH UNIMAX VINA,30 - 40 triệu,Hồ Chí Minh: Phường Tân Hưng,https://www.topcv.vn/viec-lam/truong-phong-kinh-doanh-thu-nhap-tu-30-den-40-trieu-ho-tro-an-trua-va-trang-thiet-bi-lam-viec-tai-ho-chi-minh/1950542.html?ta_source=JobSearchList_LinkDetail,,
2025-11-13,Trưởng Phòng Marketing Vận Hành Sàn TMĐT - Thu Nhập Upto 35 Triệu+++  (Hỗ Trợ Ăn Trưa Và Trang Thiết...,CÔNG TY TNHH UNIMAX VINA,25 - 35 triệu,Hồ Chí Minh: Phường Tân Hưng,https://www.topcv.vn/viec-lam/truong-phong-marketing-van-hanh-san-tmdt-thu-nhap-upto-35-trieu-ho-tro-an-trua-va-trang-thiet-bi-lam-viec-tai-ho-chi-minh/1950629.html?ta_source=JobSearchList_LinkDetail,,
2025-11-13,Nhân Viên Kỹ Thuật Điện Nhẹ Camera CCTV,CÔNG TY TNHH THƯƠNG MẠI MEDIA CCTV BẮC NINH,10 - 20 triệu,"Bắc Ninh: Phường Võ Cường, Phường Quế Võ",https://www.topcv.vn/viec-lam/nhan-vien-ky-thuat-dien-nhe-camera-cctv/1950675.html?ta_source=JobSearchList_LinkDetail,,
2025-11-10,Quản Lý Cửa Hàng / Cửa Hàng Trưởng,CÔNG TY CỔ PHẦN VUA NỆM,Thoả thuận,Hà Nội: Phường Cầu Giấy và 2 nơi khác:Hải Phòng: Phường Lê Thanh Nghị,https://www.topcv.vn/viec-lam/quan-ly-cua-hang-cua-hang-truong/1946160.html?ta_source=JobSearchList_LinkDetail,,
2025-11-11,Nhân Viên Kinh Doanh HCM - Thu Nhập Upto 25 Triệu,Công Ty TNHH E.I.G,Thoả thuận,Hồ Chí Minh: Bình Tân,https://www.topcv.vn/viec-lam/nhan-vien-kinh-doanh-hcm-thu-nhap-upto-25-trieu/1946265.html?ta_source=JobSearchList_LinkDetail,,
2025-11-11,Nhân Viên Kế Toán – Tài Chính – Marketing Tổng Hợp,CÔNG TY CỔ PHẦN SẢN XUẤT VÀ THƯƠNG MẠI NUTRI VIỆT NAM,10 - 16 triệu,Hồ Chí Minh: Quận 12,https://www.topcv.vn/viec-lam/nhan-vien-ke-toan-tai-chinh-marketing-tong-hop/1946288.html?ta_source=JobSearchList_LinkDetail,,
2025-11-13,Kế Toán Trưởng - Đi Làm Ngay Tại Hồ Chí Minh,CÔNG TY TNHH TM DƯỢC PHẨM KHANG TÍN,Thoả thuận,Hồ Chí Minh: Phường Bảy Hiền,https://www.topcv.vn/viec-lam/ke-toan-truong-di-lam-ngay-tai-ho-chi-minh/1946299.html?ta_source=JobSearchList_LinkDetail,,
2025-11-13,LĐPT Đứng Máy - Đóng Gói - Nam| Thu Nhập 8 - 12 Triệu | Không Yêu Cầu Kinh Nghiệm - Quận 12,CÔNG TY TNHH QUÀ TẶNG HƯNG VIỆT MỸ,8 - 12 triệu,Hồ Chí Minh: Phường Đông Hưng Thuận,https://www.topcv.vn/viec-lam/ldpt-dung-may-dong-goi-nam-thu-nhap-8-12-trieu-khong-yeu-cau-kinh-nghiem-quan-12/1946919.html?ta_source=JobSearchList_LinkDetail,,
2025-11-11,"Quản Lý Marketing Thương Hiệu (Brand Marketing Manager - Trên 5 Năm KN) Lương 2,000 -3,500 USD - Đi...",CÔNG TY CỔ PHẦN THƯƠNG MẠI TÓC MÂY,"2,000 - 3,500 USD",Hà Nội: Phường Cầu Giấy:Hồ Chí Minh: Phường An Phú,https://www.topcv.vn/viec-lam/quan-ly-marketing-thuong-hieu-brand-marketing-manager-tren-5-nam-kn-luong-2-000-3-500-usd-di-lam-ngay/1947015.html?ta_source=JobSearchList_LinkDetail,,
2025-11-11,Phụ Bếp Bánh Ca Đêm - Đi Làm Ngay- Tại Hồ Chí Minh,Paris Baguette,9.5 - 10.5 triệu,Hồ Chí Minh: Quận 3,https://www.topcv.vn/viec-lam/phu-bep-banh-ca-dem-di-lam-ngay-tai-ho-chi-minh/1947574.html?ta_source=JobSearchList_LinkDetail,,
2025-11-11,Giảng Viên Y Dược / Giáo Viên Cơ Hữu,Trường Cao đẳng Công nghệ Y- Dược Việt Nam,Từ 10 triệu,Hồ Chí Minh: Hà Nội: Đà Nẵng,https://www.topcv.vn/viec-lam/giang-vien-y-duoc-giao-vien-co-huu/1947630.html?ta_source=JobSearchList_LinkDetail,,
2025-11-14,"Phụ Trách QA [Hà Nội] - Thu Nhập Cạnh Tranh, Hỗ Trợ Chi Phí Học Ngoại Ngữ, Cơ Hội Công Tác Tại Hàn",Văn phòng đại diện NSTAGE INC tại thành phố Hà Nội,Thoả thuận,Hà Nội: Phường Yên Hòa,https://www.topcv.vn/viec-lam/phu-trach-qa-ha-noi-thu-nhap-canh-tranh-ho-tro-chi-phi-hoc-ngoai-ngu-co-hoi-cong-tac-tai-han/1947685.html?ta_source=JobSearchList_LinkDetail,,
2025-11-11,NHÂN VIÊN PHỤC VỤ (Banquet/Fine Dining),Công ty Cổ phần IN Hospitality,6.5 - 8 triệu,Hồ Chí Minh: Quận 1,https://www.topcv.vn/viec-lam/nhan-vien-phuc-vu-banquet-fine-dining/1947859.html?ta_source=JobSearchList_LinkDetail,,
2025-11-11,Chuyên Viên Kinh Doanh / Sales Mảng Tiệc & Sự Kiện [White Palace],Công ty Cổ phần IN Hospitality,Từ 15 triệu,Hồ Chí Minh: Thủ Đức,https://www.topcv.vn/viec-lam/chuyen-vien-kinh-doanh-sales-mang-tiec-su-kien-white-palace/1947954.html?ta_source=JobSearchList_LinkDetail,Còn 24 ngày,"Tìm kiếm khách hàng có nhu cầu tổ chức sự kiện doanh nghiệp : đại hội cổ đông, giới thiệu sản phẩm mới, họp báo, tiệc cưới, hội nghị, tiệc sinh nhật... Tư vấn & đàm phán trực tiếp với khách hàng và ký kết các hợp đồng. Tiếp nhận, cập nhật và xử lý thông tin của khách hàng. Giám sát chất lượng, liên hệ giải quyết các sự cố phát sinh trong thời gian triển khai hợp đồng. Tìm kiếm khách hàng tiềm năng và khai thác khách hàng đã có. Cập nhật thông tin thị trường, sản phẩm, đối thủ cạnh tranh. Chăm sóc khách hàng cũ và tiềm năng. Địa điểm làm việc: White Palace - 588 Phạm Văn Đồng, Phường Hiệp Bình, Tp. HCM"
2025-11-10,MES System Developer (ASP.NET),Công Ty TNHH Fuji Machine Việt Nam,20 - 30 triệu,Hà Nội: Cầu Giấy: Hồ Chí Minh,https://www.topcv.vn/viec-lam/mes-system-developer-asp-net/1754620.html?ta_source=JobSearchList_LinkDetail,,
2025-11-10,Kỹ Sư Xây Dựng Hiện Trường/Giám Sát Công Trình - Từ 2 Năm Kinh Nghiệm - Lương Từ 12 - 17 Triệu/Tháng...,CÔNG TY TNHH XÂY DỰNG 30-4,12 - 17 triệu,Hồ Chí Minh: Đồng Nai,https://www.topcv.vn/viec-lam/ky-su-xay-dung-hien-truong-giam-sat-cong-trinh-tu-2-nam-kinh-nghiem-luong-tu-12-17-trieu-thang-tai-khu-vuc-ho-chi-minh-dong-nai/1945138.html?ta_source=JobSearchList_LinkDetail,Còn 23 ngày,"- Thay mặt Chỉ huy trưởng qua hệ với Chủ đầu tư, tư vấn Thiết kế, tư Vấn giám sát, tư vấn Quản lý dự án và chính quyền địa phương trong phạm vi các nhiệm vụ được giao khi Chỉ huy trưởng vắng mặt. - Quản lý chất lượng công trình: Lấy mẫu thí nghiệm các loại vật liệu, cấu kiện theo quy định. Đề nghị các nhà cung cấp trình giấy chứng nhận xuất xứ hàng hóa, chất lượng sản phẩm để lưu hồ sơ. - Ghi chép nhật ký thi công công trình theo quy định nhà nước và xác nhận nhật ký thi công nội bộ Công ty. - Lập bảng chiết tính yêu cầu vật tư và các loại công việc chuẩn bị thi công theo tiến độ được duyệt trình Chỉ huy trưởng duyệt. - Báo cáo khối lượng công việc thi công hàng tuần vào 13h ngày thứ sáu của tuần cho Chỉ huy trưởng. - Lập bản vẽ hoàn công từng cấu kiện theo quy định. - Nhắc nhở kiển tra công tác an toàn lao động trên công trường, báo cáo những nơi vi phạm nội quy an toàn lao động để Chỉ huy trưởng xử lý. - Tham gia đóng góp ý kiến các vấn đề liên quan đến công tác tổ chức thi công trên công trường - Thực hiện các công việc khác theo yêu cầu của Trưởng bộ phận."
2025-11-10,Trưởng Phòng Kinh Doanh Thương Mại,CHI NHÁNH PHÍA NAM CÔNG TY CỔ PHẦN QUẢN LÝ VÀ KHAI THÁC TÀI SẢN DẦU KHÍ (THÀNH PHỐ HÀ NỘI),18 - 21 triệu,Hồ Chí Minh: Quận 3,https://www.topcv.vn/viec-lam/truong-phong-kinh-doanh-thuong-mai/1945197.html?ta_source=JobSearchList_LinkDetail,Còn 23 ngày,"- Quản lý điều hành mọi hoạt động của Phòng Kinh doanh Thương mại, công việc cơ bản như sau: Lập, tổ chức thực hiện kế hoạch hoạt động của Phòng đã được Giám đốc Chi nhánh phê duyệt. Quản lý, theo dõi, giám sát... việc thực hiện các hợp đồng (mua bán hàng hoá, dịch vụ...) phục vụ hoạt động kinh doanh của Chi nhánh. Tổ chức thực hiện công tác đấu thầu đối với các gói thầu Chi nhánh tham gia, ưu tiên ứng viên có kinh nghiệm thực hiện các gói thầu phi tư vấn (dịch vụ quản lý vận hành toà nhà , dịch vụ vận chuyển, dịch vụ suất ăn). Khảo sát công trình, xây dựng phương án cung cấp dịch vụ. Mở rộng thị trường và chăm sóc khách hàng. - Công việc chi tiết hơn sẽ trao đổi khi phỏng vấn."
2025-11-10,Thủ Kho / Kiểm Kê Hàng Hóa Cửa Hàng Home Decor,HỘ KINH DOANH CAHA HOME LIVING,10 - 15 triệu,Hồ Chí Minh: Quận 10,https://www.topcv.vn/viec-lam/thu-kho-kiem-ke-hang-hoa-cua-hang-home-decor/1945479.html?ta_source=JobSearchList_LinkDetail,Còn 23 ngày,"Kiểm tra, nhập kho và sắp xếp hàng hóa (decor, nội thất nhỏ/lớn) khoa học. Thực hiện đúng quy trình tiếp nhận: xịt khử khuẩn, quay video khui thùng, chụp ảnh kiện hàng & sản phẩm. Ghi nhận chi tiết số lượng, kích thước, chất liệu, khối lượng từng sản phẩm. Báo cáo lỗi sản phẩm, gửi hình ảnh để khiếu nại nếu có. Sắp xếp hàng hóa theo chất liệu, công năng, phân khu cho hàng dễ vỡ, hàng vải, hàng kim loại, hàng decor nhỏ. Kiểm tra độ hoàn thiện & thẩm mỹ sản phẩm: lớp sơn, bề mặt gỗ, kính, da, pha lê... Quản lý bảo vệ bề mặt sản phẩm bằng giấy mềm, vải phủ, vật liệu chống xước. Bảo quản sản phẩm theo môi trường phù hợp: tránh ẩm mốc, ánh sáng trực tiếp, mối mọt, côn trùng. Đóng gói đơn hàng chuẩn luxury packaging: nhiều lớp bảo vệ, vật liệu lót chuyên dụng, hộp cao cấp, ruy băng/tem niêm phong, nhãn “Fragile”. Đảm bảo sản phẩm không xê dịch trong hộp, hướng dẫn cách mở hộp nếu cần. Vệ sinh & bảo dưỡng sản phẩm định kỳ, đảm bảo không bụi bẩn, không hư hại. Hỗ trợ giao hàng, lắp đặt tại nhà khách hàng; đảm bảo an toàn & tính thẩm mỹ khi hoàn thiện. Kiểm kê, báo cáo tình trạng hàng hóa định kỳ, đặc biệt chú ý phụ kiện decor nhỏ lẻ dễ thất lạc. Thực hiện các công việc khác theo sự phân công của quản lý kho/showroom."
2025-11-10,Electrical Maintenance Engineer,Công Ty TNHH Dunlopillo (Việt Nam),Thoả thuận,Bình Dương: Thuận An: Hồ Chí Minh,https://www.topcv.vn/viec-lam/electrical-maintenance-engineer/1945773.html?ta_source=JobSearchList_LinkDetail,,
2025-11-10,Quản Lý Nhà Hàng - 20 Triệu - Tại Thảo Điền HCM,CÔNG TY TRÁCH NHIỆM HỮU HẠN OMNI,Tới 20 triệu,"Hồ Chí Minh: Thủ Đức, Quận 2",https://www.topcv.vn/viec-lam/quan-ly-nha-hang-20-trieu-tai-thao-dien-hcm/1945859.html?ta_source=JobSearchList_LinkDetail,,
2025-11-10,Nhân Viên Cơ Khí - Điện,CÔNG TY TNHH THANG MÁY PACIFIC,8 - 12 triệu,Hồ Chí Minh: Tân Phú: Hà Nội: Bắc Từ Liêm: Quảng Ninh: Tp Hạ Long: Gia Lai: Hải Phòng: Đà Nẵng: Hải Châu: Khánh Hòa: TP Nha Trang,https://www.topcv.vn/viec-lam/nhan-vien-co-khi-dien/1946092.html?ta_source=JobSearchList_LinkDetail,,
2025-11-10,Trưởng Phòng Kinh Doanh (Lĩnh Vực Y Tế),CÔNG TY TNHH BỆNH VIỆN ĐA KHOA BẢO SƠN,30 - 40 triệu,Hà Nội: Đống Đa,https://www.topcv.vn/viec-lam/truong-phong-kinh-doanh-linh-vuc-y-te/1940448.html?ta_source=JobSearchList_LinkDetail,,
2025-11-10,Giám Sát Nhân Sự C&B,CÔNG TY CỔ PHẦN THỰC PHẨM XUXIFARM,Thoả thuận,Hồ Chí Minh: Quận 1: Long An: Tân An,https://www.topcv.vn/viec-lam/giam-sat-nhan-su-cb/1940799.html?ta_source=JobSearchList_LinkDetail,,
2025-11-10,Nhân Viên Chứng Từ Kho,CÔNG TY TNHH PERFECT COMPANION VIỆT NAM,8 - 10 triệu,Đà Nẵng: Hải Châu,https://www.topcv.vn/viec-lam/nhan-vien-chung-tu-kho/1941178.html?ta_source=JobSearchList_LinkDetail,,
2025-11-10,Chuyên Viên Triển Khai Phần Mềm,Công ty Cổ phần TOPCV Việt Nam,Thoả thuận,Hà Nội: Thanh Xuân,https://www.topcv.vn/brand/topcv/tuyen-dung/chuyen-vien-trien-khai-phan-mem-j1837316.html?ta_source=JobSearchList_LinkDetail,,
2025-11-13,Kỹ Sư Thiết Kế Cơ Khí (Băng Tải & Nhà Để Xe) Tại Hà Nội,CÔNG TY TNHH NIPPON CONVEYOR VIỆT NAM,Tới 12 triệu,Hà Nội: Phường Láng,https://www.topcv.vn/viec-lam/ky-su-thiet-ke-co-khi-bang-tai-nha-de-xe-tai-ha-noi/1949795.html?ta_source=JobSearchList_LinkDetail,Còn 25 ngày,"- Thiết kế hệ thống băng tải và nhà để xe ô tô tự động. - Xây dựng mô hình 3D (phần mềm Solidwork), triển khai bản vẽ chi tiết kết cấu thép (phần mềm IJCad)."
2025-11-15,Nhân Viên Hồ Sơ Thầu - Lương Cứng 10tr/Tháng - Đi Làm Ngay Tại Hà Nội,CÔNG TY TNHH DƯỢC PHẨM THIÊN MINH,Từ 10 triệu,Hà Nội: Phường Thanh Xuân,https://www.topcv.vn/viec-lam/nhan-vien-ho-so-thau-luong-cung-10tr-thang-di-lam-ngay-tai-ha-noi/1265170.html?ta_source=JobSearchList_LinkDetail,Còn 28 ngày,"-	Chuẩn bị hồ sơ dự thầu (soạn thảo, sắp xếp, sao y, photo, phân loại, đóng gói hồ sơ) để gửi cho các cơ sở y tế hoặc các Công ty ủy quyền đấu thầu . -	Soạn thảo bảng chào giá cho công ty, bảng chào giá cạnh tranh cho các đơn vị. -	Theo dõi kết quả thầu từ Bệnh viện, Công ty ủy quyền đấu thầu. -	Cập nhật kết quả trúng thầu của các đơn vị, gửi mail cho các bộ phận có liên quan. -	Lưu trữ các hồ sơ dự thầu, hồ sơ ủy quyền dự thầu, các hồ sơ có liên quan. -	Làm hợp đồng mua bán thuốc đã trúng thầu với các Bệnh viện. -	Đề xuất xin, lưu trữ hàng mẫu từ Kho nhà máy. -	Tổng hợp kết quả và danh mục thầu, hoàn chỉnh hợp đồng thầu trực tiếp và thanh lý hợp đồng."
2025-11-13,"Giám Sát Vận Hành Sản Xuất - Công Ty Sản Xuất Nệm, Đi Làm Ngay, Thu Nhập 14 - 18 Triệu/Tháng Theo Nă...",CÔNG TY CỔ PHẦN SẢN XUẤT VÀ THƯƠNG MẠI NỆM THÀNH CÔNG,14 - 18 triệu,Tây Ninh: Xã Mỹ Hạnh,https://www.topcv.vn/viec-lam/giam-sat-van-hanh-san-xuat-cong-ty-san-xuat-nem-di-lam-ngay-thu-nhap-14-18-trieu-thang-theo-nang-luc-tay-ninh/1950325.html?ta_source=JobSearchList_LinkDetail,Còn 44 ngày,"Phân công & giám sát vận hành sản xuất Nhận đơn hàng & lập kế hoạch sản xuất hàng ngày Sắp xếp & phân công tổ viên thực hiện công việc theo kế họach hàng ngày Giám sát tiến độ sản xuất; điều phối & phân bổ thời gian thực hiện công việc đảm bảo hoàn thành theo kế họach ban đầu Phối hợp với bộ phận kế hoạch lên phương án điều chỉnh, thay đổi kế hoạch sản xuất phù hợp với tình trạng NVL thực tế Kiểm sát & quản lý chất lượng NVL đầu vào & thành phẩm đầu ra Đặt hàng, nhận hàng & kiểm tra chất lượng nguyên liệu đầu vào; làm việc với NCC xử lý nguyên liệu ko đạt chất lượng (đàm phán thủ tục đổi/ trả hoặc giao bù) Bố trí nhân công sắp xếp kho chứa NVL; Thống kê tồn kho NVL cuối ngày; kiểm soát số lượng & lên lịch đặt hàng tiếp theo Kiểm tra thành phẩm hàng ngày trước khi bàn giao kho vận. Xử lý hàng lỗi/ không đạt chất lượng khi có phát sinh Tiếp nhận & phân công xử lý các đơn hàng đổi/ trả hoặc bảo hành Quản lý & phát triển tổ nhóm Đề xuất kế hoạch tuyển dụng (số lượng, thời điểm, tiêu chí); phối hợp bộ phận Nhân sự tham gia phỏng vấn & tuyển chọn nhân sự Hội nhập & hướng dẫn tổ viên mới về quy trình làm việc, thực hiện các công đoạn sản xuất, phân biệt NVL, sử dụng máy móc, thiết bị,... Giám sát, hỗ trợ tổ viên về thao tác, kỹ thuật trong quá trình thực hiện công việc Thực hiện các công tác quản lý nhân sự theo thẩm quyền (phân bổ công việc, đánh giá hiệu suất, đề xuất ghi nhận - kỷ luật - điều chuyển - bổ nhiệm - miễn nhiệm - sa thải - nghỉ việc...); Xét duyệt nghỉ phép & đề xuất tăng ca Tổ chức họp tổ hàng tuần, đánh giá tình hình sản xuất trong tuần cũ; thảo luận & đưa ra các biện pháp khắc phục hoặc cải tiến thực hiện công việc hiệu quả trong tuần tới Quản lý thiết bị, máy móc Theo dõi đánh giá liên tục chất lượng các thiết bị trực tiếp phục vụ sản xuất. Lập kế hoạch & đề xuất bảo trì định kỳ Quản lý sổ theo dõi danh mục & thời hạn sử dụng các thiết bị. Đề xuất thay thế/ bổ sung/ sửa chữa/ cải tiến các thiết bị khi cần; nghiệm thu & đánh giá hiệu quả (thời gian, chi phí, chất lượng) Giám sát An toàn lao động & 5S Giám sát thao tác vận hành thiết bị, máy móc sản xuất; Nhắc nhở & xử lý các trường hợp vận hành thiết bị thiếu an toàn hoặc sai quy định Phân công người phụ trách vệ sinh theo từng khu vực làm việc hàng ngày Phân loại, sắp xếp khu vực lưu trữ hàng hoá. Giám sát việc thực hiện 5s hàng ngày Báo cáo hàng ngày & các công việc phát sinh khác Thống kê & báo cáo sản lượng cuối ngày Tham gia các cuộc họp & thực hiện báo cáo khi có phát sinh theo yêu cầu của cấp trên"
2025-11-13,Kỹ Sư Hiện Trường Mảng Nhà Xưởng Công Nghiệp,CÔNG TY TNHH XÂY DỰNG THƯƠNG MẠI TIẾN ĐẠT,Từ 12 triệu,Hồ Chí Minh: Thủ Đức,https://www.topcv.vn/viec-lam/ky-su-hien-truong-mang-nha-xuong-cong-nghiep/1934456.html?ta_source=JobSearchList_LinkDetail,Còn 13 ngày,"Giám sát kỹ thuật hiện trường tại công trình theo đúng qui trình, quy định Giám sát tiến độ, chất lượng, kỹ thuật công trình tại các dự án được giao; Đọc hiểu bản vẽ, bóc tách khối lượng, lập bảng tiến độ thi công chi tiết, nhân lực và vật tư cho các công trình. Quản lý các nhà thầu, tổ đội khoán và nghiệm thu từng bước trong quá trình thi công. Giám sát các tổ đội thi công đúng tiến độ đã được chủ đầu tư phê duyệt. Phối hợp với bộ phận thiết kế, bộ phận vật tư: đảm bảo thi công chính xác theo bản vẽ đã được phê duyệt, có phản hồi kịp thời để tránh sai sót trước khi thi công. Phối hợp trong công tác hoàn thiện: Hồ sơ chất lượng; Hồ sơ khối lượng; BB nghiệm thu, văn bản... Phối hợp thực hiện tốt công tác báo cáo, công tác nghiệm thu và thanh quyết toán công trình dự án được giao. Lập biện pháp thi công, tiến độ thi công, lập hồ sơ dự thầu, triển khai bóc tách khối lượng, lập dự toán, kiểm soát các định mức, chi phí... Báo cáo công việc hàng ngày, thường xuyên trao đổi thông tin. Chi tiết công việc sẽ được trao đổi khi phỏng vấn."
2025-11-10,"Chuyên Viên Cao Cấp Bán Tài Sản - VIB AMC (Hà Nội, Cần Thơ, Hồ Chí Minh )",Ngân Hàng Quốc tế (VIB),Thoả thuận,Hà Nội: Phường Đống Đa:Hồ Chí Minh: Phường Xuân Hòa:Cần Thơ: Phường Ninh Kiều,https://www.topcv.vn/viec-lam/chuyen-vien-cao-cap-ban-tai-san-vib-amc-ha-noi-can-tho-ho-chi-minh/1751893.html?ta_source=JobSearchList_LinkDetail,Còn 43 ngày,"Chịu trách nhiệm thực hiện các thủ tục nhận, quản lý và khai thác Tài sản bảo đảm (TSBĐ) của các khoản nợ xấu sau khi VIB thực hiện thu giữ/tiếp quản nhằm hỗ trợ VIB quản trị rủi ro và phát triển tín dụng an toàn, đẩy nhanh tốc độ xử lý nợ và góp phần làm tăng doanh thu VIB. Trách nhiệm: Trực tiếp xây dựng kế hoạch và triển khai công tác tiếp nhận tài sản bảo đảm sau thu giữ/tiếp quản theo phân công của cấp quản lý; Phối hợp với các đơn vị chức năng trong và ngoài VIB để triển khai kế hoạch quản lý, bảo trì tài sản, khai thác và bán TSBĐ; Lập kế hoạch bảo vệ, quản lý, bảo trì và bán tài sản bảo đảm (TSBĐ) sau tiếp nhận; Xây dựng, duy trì và phát triển mạng lưới các đối tác và hạ tầng phục vụ công tác quản lý và bán tài sản bảo đảm để đẩy nhanh tiến độ bán tài sản, đảm bảo công khai minh bạch công tác bán; Tham gia vào các hoạt động/sự vụ tố tụng, giải quyết tranh chấp liên quan đến các tài sản do mình quản lý; Báo cáo về tình hình tài sản do mình quản lý; Thực hiện các nhiệm vụ khác theo phân công của cấp quản lý."
2025-11-10,Data Engineer,Công ty Cổ phần MISA,Thoả thuận,Hà Nội: Bắc Từ Liêm,https://www.topcv.vn/viec-lam/data-engineer/1942666.html?ta_source=JobSearchList_LinkDetail,,
2025-11-10,Kỹ Sư Hiện Trường Xây Dựng - Đi Làm Ngay,CÔNG TY CỔ PHẦN CÔNG NGHỆ XÂY DỰNG HÀ VIỆT,12 - 20 triệu,"Hà Nội: Tây Hồ, Mê Linh, Thạch Thất",https://www.topcv.vn/viec-lam/ky-su-hien-truong-xay-dung-di-lam-ngay/1924680.html?ta_source=JobSearchList_LinkDetail,,
2025-11-15,Chuyên Viên QS Thu Nhập Hấp Dẫn Theo Năng Lực Upto 25 Triệu,CÔNG TY CỔ PHẦN DỊCH VỤ THƯƠNG MẠI HÒA THỊNH,18 - 25 triệu,Hà Nội: Phường Cửa Nam,https://www.topcv.vn/viec-lam/chuyen-vien-qs-thu-nhap-hap-dan-theo-nang-luc-upto-25-trieu/1953372.html?ta_source=JobSearchList_LinkDetail,,
2025-11-12,Kỹ Sư Hiện Trường/ Chỉ Huy Trưởng Công Trình - Thu Nhập 14 - 25 Triệu,công ty cổ phần phát triển Goldsun.h,14 - 25 triệu,Hà Nội: Cầu Giấy,https://www.topcv.vn/viec-lam/ky-su-hien-truong-chi-huy-truong-cong-trinh-thu-nhap-14-25-trieu/1947475.html?ta_source=JobSearchList_LinkDetail,,
2025-11-10,Phiên Dịch Tiếng Trung (Nam) - Thu Nhập 22-25 Triệu,CÔNG TY TNHH ZHEJIANG TAIFU PUMP VIỆT NAM,22 - 25 triệu,Hồ Chí Minh: Phường Thuận An,https://www.topcv.vn/viec-lam/phien-dich-tieng-trung-nam-thu-nhap-22-25-trieu/1887130.html?ta_source=JobSearchList_LinkDetail,,
2025-11-10,Kế Toán Trưởng - Thu Nhập Hấp Dẫn Từ 17-20 Triệu - Đi Làm Ngay,CÔNG TY TNHH HỒNG TRÀ NGÔ GIA - CHI NHÁNH MIỀN BẮC,17 - 20 triệu,Hà Nam: Duy Tiên: Ninh Bình: Nam Định,https://www.topcv.vn/viec-lam/ke-toan-truong-thu-nhap-hap-dan-tu-17-20-trieu-di-lam-ngay/1944784.html?ta_source=JobSearchList_LinkDetail,,
2025-11-10,Chuyên Viên Đào Tạo Gia Sư/Tutor Manager - Lương Upto 16M,EDUPIA,12 - 16 triệu,Hà Nội: Phường Thanh Xuân,https://www.topcv.vn/brand/educa/tuyen-dung/chuyen-vien-dao-tao-gia-su-tutor-manager-luong-upto-16m-j1935845.html?ta_source=JobSearchList_LinkDetail,Còn 14 ngày để ứng tuyển,
2025-11-10,Account Manager (SMB/SME)/ Nhân Viên Kinh Doanh Dự Án (Lương + Thưởng Từ 15-30 Triệu) Tại Hồ Chí Min...,CÔNG TY TNHH TMDV ETERNAL ASIA VIỆT NAM,15 - 30 triệu,Hồ Chí Minh: Phường Chánh Hưng và 2 nơi khác,https://www.topcv.vn/viec-lam/account-manager-smb-sme-nhan-vien-kinh-doanh-du-an-luong-thuong-tu-15-30-trieu-tai-ho-chi-minh-di-lam-ngay/1942926.html?ta_source=JobSearchList_LinkDetail,,
2025-11-14,Kỹ Thuật Hiện Trường Thu Nhập Hấp Dẫn+++ Trên Toàn Quốc,Công ty Cổ phần Xây dựng Hợp Lực,12 - 18 triệu,Hà Nội: Phường Ba Đình và 5 nơi khác:Hồ Chí Minh: Phường An Hội Tây:Bắc Ninh: Phường Bắc Giang:Hải Phòng: Phường An Biên:Thái Nguyên: Phường Bá Xuyên:Thanh Hóa: Phường Bỉm Sơn,https://www.topcv.vn/viec-lam/ky-thuat-hien-truong-thu-nhap-hap-dan-tren-toan-quoc/1951092.html?ta_source=JobSearchList_LinkDetail,,
2025-11-14,Qs Hiện Trường - Thu Nhập Hấp Dẫn+++ Trên Toàn Quốc,Công ty Cổ phần Xây dựng Hợp Lực,12 - 18 triệu,"Hà Nội: Phường Ba Đình, Phường Cầu Giấy:Hồ Chí Minh: Phường An Hội Tây:Bắc Ninh: Phường Bắc Giang:Hải Phòng: Phường An Biên:Nghệ An: Phường Cửa Lò:Phú Thọ: Phường Hòa Bình:Quảng Ninh: Phường An Sinh:Thái Nguyên: Phường Bá Xuyên",https://www.topcv.vn/viec-lam/qs-hien-truong-thu-nhap-hap-dan-tren-toan-quoc/1951074.html?ta_source=JobSearchList_LinkDetail,,
2025-11-10,Kỹ Sư Thiết Bị Y Tế Tại TP. HCM [ Thu Nhập 15 Triệu/ Tháng + Chế Độ Đãi Ngộ Hấp Dẫn....] Đi Làm Ngay,Công ty Cổ phần Xuất nhập khẩu Thương mại Việt Tuấn,10 - 15 triệu,Hồ Chí Minh: Tân Bình,https://www.topcv.vn/viec-lam/ky-su-thiet-bi-y-te-tai-tp-hcm-thu-nhap-15-trieu-thang-che-do-dai-ngo-hap-dan-di-lam-ngay/1832353.html?ta_source=JobSearchList_LinkDetail,,
2025-11-14,Quản Lý Khách Sạn/ Hotel Management Tại Hà Nội (Lương Từ 25 - 40 Triệu),CÔNG TY TNHH HN NHẬT TÂN,25 - 40 triệu,Hà Nội: Xã Đông Anh,https://www.topcv.vn/viec-lam/quan-ly-khach-san-hotel-management-tai-ha-noi-luong-tu-25-40-trieu/1951380.html?ta_source=JobSearchList_LinkDetail,Còn 27 ngày,"Quản lý hoạt động vận hành của khách sạn •	Quản lý, giám sát và điều phối công việc của các khách sạn •	Lập quy trình, quy định, triển khai công việc theo quy trình vận hành của Công ty. •	Đảm bảo dịch vụ chất lượng tốt nhất cho khách hàng. •	Thường xuyên kiểm soát về vấn đề vệ sinh an toàn thực phẩm, đồ uống trong  khách sạn, •	Theo dõi, kiểm tra về vấn đề an toàn, phòng chống cháy nổ xảy ra trong khách sạn. Quản lý kinh doanh – tài chính •	Phân tích hiệu quả kinh doanh, đưa ra chiến lược giải pháp tăng doanh thu và kiểm soát chi phí, tối ưu hoá, tăng trải nghiệm khách hàng. •	Phối hợp với TGĐ và bộ phận kinh doanh quản lý chính sách giá phòng, chính sách khuyến mãi...các chi nhánh khách sạn. •	Quản lý thất thoát và tiết kiệm chi phí của hệ thống. •	Phát triển các phương án chăm sóc khách hàng, các đối tác, khách VIP... •	Hoàn thành các chỉ tiêu kinh doanh của chuỗi khách sạn hàng tháng, quý, năm. Quản lý nhân sự •	Tuyển dụng, đào tạo và đánh giá nhân viên,điều phối công việc của các chi nhánh khách sạn. Phân công nhân viên chuyên phụ trách các cơ sở khách sạn theo vùng. •	Xây dựng môi trường làm việc tích cực, gắn kết giữa các CBCNV. •	Quản lý việc chấp hành NQQĐ, quy chế Công ty. •	Khen thưởng kỷ luật theo quy định."
2025-11-10,Nhân Viên Kế Toán Dự Án – Làm Việc Tại Hiện Trường Dự Án (Lương 22-32 Triệu),CÔNG TY CỔ PHẦN ĐÁ GRANITE & MARBLE TỰ NHIÊN THIÊN SƠN,22 - 32 triệu,Hồ Chí Minh,https://www.topcv.vn/viec-lam/nhan-vien-ke-toan-du-an-lam-viec-tai-hien-truong-du-an-luong-22-32-trieu/1938860.html?ta_source=JobSearchList_LinkDetail,Còn 17 ngày,"Thiên Sơn Stone là Công ty lớn chuyên nghiệp thi công các công trình lớn ốp lát đá tự nhiên Granite, Marble, Limestone ... cao cấp. - Làm việc tại các công trình của công ty tại Hồ Chí Minh và các tỉnh. Sẵn sàng đi công tác xa khi công ty có yêu cầu. - Theo dõi và quản lý doanh số, tạm ứng, quyết toán, số tiền phải thu còn lại, số tiền bảo hành... Theo dõi chi phí, vật liệu chính, vật liệu phụ, nhân công cho dự án. Kiếm soát và so sánh các vấn đề trên so với bảng quyết toán cuối cùng.... - Phối hợp với các bộ phận khác của phòng kế toán để lấy các bảng biểu, hóa đơn đầu vào phù hợp, lấy nhân công đầu vào phù hợp. So sánh, đối chiếu và kiểm soát các chỉ tiêu, đánh giá hiệu quả các dự án của các vấn đề trên để báo cáo với Ban lãnh đạo."
2025-11-16,Nhân Viên Kế Toán (Xưởng Dịch Vụ) Thu Nhập 10 - 15 Triệu Tại Trường Chinh - Hà Nội,Công ty Cổ phần ô tô con đường mới,10 - 15 triệu,Hà Nội: Phường Kim Liên,https://www.topcv.vn/viec-lam/nhan-vien-ke-toan-xuong-dich-vu-thu-nhap-10-15-trieu-tai-truong-chinh-ha-noi/1953591.html?ta_source=JobSearchList_LinkDetail,Còn 28 ngày,"· Hạch toán các nghiệp vụ kế toán tại Xưởng dịch vụ: Hạch toán doanh thu, xuất hóa đơn cho khách hàng, cấp phiếu ra cổng cho khách hàng · Theo dõi, quản lý và đôn đốc thu hồi công nợ của Xưởng dịch vụ · Theo dõi hạch toán chi phí hoa hồng, môi giới, khuyến mãi, Marketing tại Xưởng dịch vụ · Hoàn thiện hồ sơ thanh toán xuất hóa đơn đối với chi phí bảo hành, triệu hồi, cứu hộ với nhà máy. · Kiểm soát giá cả đầu vào, chi phí vật tư, phụ tùng, chi phí khác tại Xưởng dịch vụ · Kiểm soát các quy trình, quy chế, chính sách nội bộ của các bộ phận tại Xưởng dịch vụ nhằm ngăn ngừa các rủi ro trong quá trình hoạt động kinh doanh. · Phối hợp với kho kiểm kê thực tế hàng tồn kho tại Xưởng dịch vụ, tổng hợp báo cáo số liệu kiểm kê hàng tồn kho định kỳ (1 năm 1 lần). · Tổ chức lưu trữ, sắp xếp chứng từ kế toán theo quy định. · Thực hiện các công việc khác theo phân công của cấp trên. · Chi tiết công việc trao đổi khi phỏng vấn"
2025-11-13,"Nhân Viên Tư Vấn - CSKH Tại Bình Thạnh, HCM / Không Yêu Cầu Kinh Nghiệm / Thu Nhập Đến 50 Triệu (Sal...",CÔNG TY TNHH KHANG GIA BÌNH,20 - 50 triệu,Hồ Chí Minh: Phường Bình Lợi Trung,https://www.topcv.vn/viec-lam/nhan-vien-tu-van-cskh-tai-binh-thanh-hcm-khong-yeu-cau-kinh-nghiem-thu-nhap-den-50-trieu-sale-tu-van-cskh-kinh-doanh/1949699.html?ta_source=JobSearchList_LinkDetail,Còn 25 ngày,"Tư vấn cho khách hàng về các gói bảo hiểm phù hợp với nhu cầu và khả năng tài chính của khách hàng. Giải thích rõ ràng, chi tiết về các điều khoản, quyền lợi và nghĩa vụ trong hợp đồng bảo hiểm. Xây dựng và duy trì mối quan hệ tốt đẹp với khách hàng, đảm bảo sự hài lòng và tin tưởng. Hỗ trợ khách hàng trong quá trình làm thủ tục đăng ký và giải quyết các vấn đề liên quan đến bảo hiểm. Cập nhật thông tin về các sản phẩm bảo hiểm mới và các quy định của pháp luật liên quan. Thực hiện các công việc khác theo yêu cầu của quản lý. Xây dựng nền tảng xã hội (quay video đăng trên các nền tảng xã hội, truyền thông,...)"
2025-11-15,Nhân Viên Marketing Content Creator - Thu Nhập 15tr/Tháng - Từ 2 Năm Kinh Nghiệm,CÔNG TY TNHH THƯƠNG MẠI VÀ SẢN XUẤT KIM PHÚ THÁI,13 - 15 triệu,Hà Nội: Phường Long Biên,https://www.topcv.vn/viec-lam/nhan-vien-marketing-content-creator-thu-nhap-15tr-thang-tu-2-nam-kinh-nghiem/1950249.html?ta_source=JobSearchList_LinkDetail,,
2025-11-13,Nhân Viên Kinh Doanh Bất Động Sản - Lương Cứng Không Phụ Thuộc Danh Số - Thu Nhập Không Giới Hạn - Đ...,CÔNG TY TRÁCH NHIỆM HỮU HẠN PHÁT TRIỂN PHÚ MỸ HƯNG,Thoả thuận,"Hồ Chí Minh: Phường Tân Mỹ, Phường Bình Dương",https://www.topcv.vn/viec-lam/nhan-vien-kinh-doanh-bat-dong-san-luong-cung-khong-phu-thuoc-danh-so-thu-nhap-khong-gioi-han-duoc-dao-tao/1950378.html?ta_source=JobSearchList_LinkDetail,,
2025-11-13,Nhân Viên Tư Vấn Marketing Phần Mềm Website,CÔNG TY TNHH CÔNG NGHỆ PHẦN MỀM NASANI,8 - 28 triệu,Hồ Chí Minh: Phường Trung Mỹ Tây,https://www.topcv.vn/viec-lam/nhan-vien-tu-van-marketing-phan-mem-website/1950497.html?ta_source=JobSearchList_LinkDetail,,
2025-11-10,Social Media Intern / Fresher,CÔNG TY TNHH EXORA MEDIA,3 - 6 triệu,Hồ Chí Minh: Gò Vấp,https://www.topcv.vn/viec-lam/social-media-intern-fresher/1946016.html?ta_source=JobSearchList_LinkDetail,,
2025-11-10,Nhân Viên Editor Mảng YT/FB Lương Cứng 10 - 15tr + KPI,CÔNG TY TNHH GIẢI TRÍ VÀ TRUYỀN THÔNG VNSTAR MEDIA,10 - 15 triệu,"Hà Nội: Nam Từ Liêm, Thanh Xuân, Hà Đông",https://www.topcv.vn/viec-lam/nhan-vien-editor-mang-yt-fb-luong-cung-10-15tr-kpi/1945665.html?ta_source=JobSearchList_LinkDetail,,
2025-11-10,"Nhân Viên Kinh Doanh Ô Tô, Sale Ô Tô (Thu Nhập Trung Bình 9–12 Triệu/Tháng )",CÔNG TY TNHH TM & DV AUTO S,9 - 12 triệu,Hồ Chí Minh: Quận 12,https://www.topcv.vn/viec-lam/nhan-vien-kinh-doanh-o-to-sale-o-to-thu-nhap-trung-binh-912-trieu-thang/1945867.html?ta_source=JobSearchList_LinkDetail,,
2025-11-14,Content Marketing/Content Creator,Công Ty TNHH Ace Lab,12 - 15 triệu,Hà Nội: Phường Hai Bà Trưng,https://www.topcv.vn/viec-lam/content-marketing-content-creator/1942760.html?ta_source=JobSearchList_LinkDetail,,
2025-11-03,Nhân Viên Chứng Từ Kiêm Theo Dõi Đơn Hàng Lương Cứng Từ 8 - 10 Triệu Tại Hà Nội,"TOFAST EXPRESS & LOGISTICS CO.,LTD",8 - 10 triệu,Hà Nội: Bắc Từ Liêm,https://www.topcv.vn/viec-lam/nhan-vien-chung-tu-kiem-theo-doi-don-hang-luong-cung-tu-8-10-trieu-tai-ha-noi/1937292.html?ta_source=JobSearchList_LinkDetail,,
2025-11-03,Nhân Viên Mua Hàng - Nhập Khẩu (Tuyển Nam) - Thu Nhập 12-15 Triệu/Tháng - Thành Thạo Tiếng Trung - H...,CÔNG TY TNHH CARINY VIỆT NAM,12 - 15 triệu,Hà Nội: Phường Định Công,https://www.topcv.vn/viec-lam/nhan-vien-mua-hang-nhap-khau-tuyen-nam-thu-nhap-12-15-trieu-thang-thanh-thao-tieng-trung-ha-noi/1937411.html?ta_source=JobSearchList_LinkDetail,,
2025-11-11,"Chuyên Viên Tư Vấn Du Học - Lương Cứng Từ 7 - 15tr, Không Áp Lực KPI, Phụ Cấp OT (Tại Phú Nhuận - TP...",Công ty TNHH RAB Consulting,Thoả thuận,Hồ Chí Minh: Phú Nhuận,https://www.topcv.vn/viec-lam/chuyen-vien-tu-van-du-hoc-luong-cung-tu-7-15tr-khong-ap-luc-kpi-phu-cap-ot-tai-phu-nhuan-tphcm/1940442.html?ta_source=JobSearchList_LinkDetail,,
2025-11-03,"Kế Toán Tổng Hợp (Lương Từ 15-16 Triệu) - Tại Hoàng Mai, TP. Hà Nội",Công ty Cổ Phần Dược SK Pharma,15 - 16 triệu,Hà Nội: Hoàng Mai,https://www.topcv.vn/viec-lam/ke-toan-tong-hop-luong-tu-15-16-trieu-tai-hoang-mai-tp-ha-noi/1936540.html?ta_source=JobSearchList_LinkDetail,,
2025-11-03,Kế Toán Viên - Thu Nhập Upto 12 Triệu Đồng - Hà Nội (Hoàng Mai),CÔNG TY TNHH ĐẦU TƯ THƯƠNG MẠI HOÀNG MINH ĐỨC,8 - 12 triệu,Hà Nội: Hoàng Mai,https://www.topcv.vn/viec-lam/ke-toan-vien-thu-nhap-upto-12-trieu-dong-ha-noi-hoang-mai/1936571.html?ta_source=JobSearchList_LinkDetail,Còn 16 ngày,"• Lên đơn hàng, lập chứng từ bán hàng, xuất kho.... • Chấm công, báo cáo doanh số bán hàng các NPP hàng tháng • Tổng hợp, theo dõi các phiếu thu, chi, đề xuất hóa đơn thanh toán • Đối soát các công việc liên quan đến vận đơn, giao hàng • Đối soát ngân hàng, theo dõi công nợ • Theo dõi tồn kho hàng hóa, chốt kho hàng ngày hàng thực tế. • Theo dõi, hạch toán sổ sách nội bộ • Hỗ trợ Giám đốc xử lý các nghiệp vụ ngân hàng khi cần thiết: ủy nhiệm chi, nộp tiền, rút tiền, giao dịch tài khoản tại ngân hàng. • Thực hiện báo cáo công việc hằng ngày (theo dõi nhập, xuất, tồn thực tế) , báo cáo số liệu khi có yêu cầu. . Theo dõi, quản lý các chứng từ sổ sách công ty. • Kiểm soát công nợ, doanh thu, chi phí, lợi nhuận. • Thực hiện các công việc khác theo kế hoạch từ Giám đốc."
2025-11-03,Nhân Viên Sale Coordinator & Marketing/Sale,CÔNG TY TNHH THƯƠNG MẠI T&T PLUS,Thoả thuận,Hồ Chí Minh: Phường Tân Hưng,https://www.topcv.vn/viec-lam/nhan-vien-sale-coordinator-marketing-sale/1936580.html?ta_source=JobSearchList_LinkDetail,Còn 43 ngày,"- Tìm kiếm, tiếp cận và phát triển hệ thống khách hàng (nhà thầu, kiến trúc sư, đơn vị thiết kế, showroom nội thất, chủ đầu tư...). - Giới thiệu, tư vấn sản phẩm và dịch vụ của công ty đến khách hàng. - Đọc và hiểu bản vẽ kỹ thuật cơ bản để tư vấn vật liệu phù hợp cho từng hạng mục, tăng tính thuyết phục và chuyên nghiệp (chưa biết sẽ được đào tạo) - Phối hợp với bộ phận kỹ thuật và thi công để hỗ trợ khách hàng triển khai dự án. - Đảm bảo doanh số theo kế hoạch kinh doanh."
2025-11-03,Nhân Viên Kinh Doanh/ Tư Vấn Phần Mềm Kế Toán Lương Từ 15 Triệu Tại Hồ Chí Minh,CÔNG TY CỔ PHẦN GIẢI PHÁP CÔNG NGHỆ ARITO,Thoả thuận,Hồ Chí Minh: Bình Tân,https://www.topcv.vn/viec-lam/nhan-vien-kinh-doanh-tu-van-phan-mem-ke-toan-luong-tu-15-trieu-tai-ho-chi-minh/1936592.html?ta_source=JobSearchList_LinkDetail,Còn 16 ngày,"Tìm kiếm khách hàng mới, nhận danh sách tiềm năng từ marketing; tư vấn và bán sản phẩm phần mềm. Tìm kiếm cơ hội hợp tác để xây dựng và phát triển kênh đối tác. Đề xuất, đóng góp ý tưởng mới cho kế hoạch kinh doanh và hoạt động chăm sóc khách hàng. Lập báo cáo gửi cấp quản lý. Thực hiện nhiệm vụ khác theo sự phân công của cấp trên."
2025-11-03,TikTok Content Creator/ TikTok Marketing Executive (Nam) Lương Cứng 10-15 Triệu / Đi Làm Ngay,Công ty TNHH công nghệ máy tính An Phát,10 - 15 triệu,Hà Nội: Đống Đa,https://www.topcv.vn/viec-lam/tiktok-content-creator-tiktok-marketing-executive-nam-luong-cung-10-15-trieu-di-lam-ngay/1936656.html?ta_source=JobSearchList_LinkDetail,,
2025-11-03,Chuyên Viên Khách Hàng Doanh Nghiêp / Direct Sales Smartsme By VPBank (Toàn Quốc),CÔNG TY CỔ PHẦN THƯƠNG MẠI DỊCH VỤ MẠNG LƯỚI THÔNG MINH (SMARTPAY),Thoả thuận,Hồ Chí Minh: Quận 4: Hà Nội: Thanh Xuân: Bình Dương: Đồng Nai,https://www.topcv.vn/viec-lam/chuyen-vien-khach-hang-doanh-nghiep-direct-sales-smartsme-by-vpbank-toan-quoc/1936681.html?ta_source=JobSearchList_LinkDetail,Còn 16 ngày,"TÌM KIẾM, PHÁT TRIỂN VÀ QUẢN LÝ KHÁCH HÀNG • Thực hiện các nhiệm vụ liên quan đến bán hàng nhằm triển khai chiến lược Khối SME và đạt được các mục tiêu chiến lược Khối SME tại địa bàn. • Tìm kiếm, tiếp cận, tư vấn các sản phẩm dịch vụ dành cho khách hàng mục tiêu, phát triển khách hàng tiềm năng và khách hàng mới. • Phân tích, đánh giá năng lực và thẩm định hồ sơ của khách hàng • Thực hiện theo dõi hoạt động kinh doanh của danh mục khách hàng được giao • Quản lý, chăm sóc và giữ mối liên hệ thường xuyên với khách hàng hiện hữu • Thực hiện quy trình cấp tín dụng, kiểm tra giám sát hoạt động cho vay AM HIỂU VỀ SẢN PHẨM, DỊCH VỤ QUY TRÌNH VẬN HÀNH, CHẤT LƯỢNG DỊCH VỤ • Am hiểu sản phẩm dịch vụ thuộc phân khúc khách hàng SME. Tham gia Đào tạo, trao dồi kiến thức về sản phẩm dịch vụ theo quy định SmartSME by VPBank (SmartSME) từng thời kỳ. • Thực hiện đúng tiêu chuẩn chất lượng dịch vụ của ngân hàng, nhằm đem lại trải nghiệm hài lòng nhất cho khách hàng. • Tiếp nhận các phản hồi từ khách hàng và làm việc với các đơn vị liên quan để xử lý phản hồi của khách hàng TUÂN THỦ VẬN HÀNH VÀ QUẢN LÝ RỦI RO • Tổng hợp chứng từ yêu cầu đối với hồ sơ vay từ khách hàng là các doanh nghiệp vừa và nhỏ, hỗ trợ khách hàng cung cấp hồ sơ trên app SmartSME. • Gửi đầy đủ chứng từ về ngân hàng để tiến hành thẩm định, tiếp tục theo sát đến khi giải ngân thành công."
2025-11-03,Nhân Viên Kinh Doanh Sản Phẩm Inox (Được Đào Tạo),CÔNG TY TNHH KIM LOẠI KIM SƠN SÀI GÒN,12 - 20 triệu,Hồ Chí Minh: Hóc Môn,https://www.topcv.vn/viec-lam/nhan-vien-kinh-doanh-san-pham-inox-duoc-dao-tao/1936742.html?ta_source=JobSearchList_LinkDetail,,
2025-11-03,Nhân Viên Bán Hàng/Sales Executive - Thu Nhập Từ 10 Đến 25 Triệu Tại HCM,CÔNG TY TNHH RU9,10 - 25 triệu,"Hồ Chí Minh: Quận 3, Thủ Đức",https://www.topcv.vn/viec-lam/nhan-vien-ban-hang-sales-executive-thu-nhap-tu-10-den-25-trieu-tai-hcm/1936798.html?ta_source=JobSearchList_LinkDetail,,
2025-11-03,"Nữ Nhân Viên Kế Toán Thuế Dịch Vụ/Tax Accounting - Lương 17 Triệu, Làm Việc Tại Thủ Đức",CÔNG TY TNHH CMA CONSULTING,12 - 17 triệu,Hồ Chí Minh: Thủ Đức,https://www.topcv.vn/viec-lam/nu-nhan-vien-ke-toan-thue-dich-vu-tax-accounting-luong-17-trieu-lam-viec-tai-thu-duc/1936888.html?ta_source=JobSearchList_LinkDetail,,
2025-11-03,Telesales / Nhân Viên Bán Hàng Qua Điện Thoại Quận 4,CÔNG TY CỔ PHẦN THƯƠNG MẠI DỊCH VỤ MẠNG LƯỚI THÔNG MINH (SMARTPAY),Thoả thuận,Hồ Chí Minh: Quận 4,https://www.topcv.vn/viec-lam/telesales-nhan-vien-ban-hang-qua-dien-thoai-quan-4/1936918.html?ta_source=JobSearchList_LinkDetail,,
2025-11-03,.Net | Golang | Mobile Developers - Competitive Salary,CÔNG TY TNHH MICROTEC VIỆT NAM,Thoả thuận,Hà Nội: Hoàn Kiếm,https://www.topcv.vn/viec-lam/net-golang-mobile-developers-competitive-salary/1937081.html?ta_source=JobSearchList_LinkDetail,,
2025-11-03,Kế Toán Tổng Hợp - Thu Nhập Đến 22 Triệu - Kinh Nghiệm Từ 3 Năm - Hồ Chí Minh,CÔNG TY TNHH NGUYÊN LIỆU NÔNG NGHIỆP MEKONG,16 - 22 triệu,Hồ Chí Minh: Bình Thạnh,https://www.topcv.vn/viec-lam/ke-toan-tong-hop-thu-nhap-den-22-trieu-kinh-nghiem-tu-3-nam-ho-chi-minh/1937162.html?ta_source=JobSearchList_LinkDetail,,
2025-11-03,"Nhân Viên Theo Dõi Đơn Hàng (Việt – Trung, Việt - Anh) Thu Nhập 12 - 15 Triệu - Đi Làm Ngay Tại Hà N...",CÔNG TY TNHH 1 THÀNH VIÊN QUẾ BA CHẼ,12 - 15 triệu,Quảng Ninh: Ba Chẽ,https://www.topcv.vn/viec-lam/nhan-vien-theo-doi-don-hang-viet-trung-viet-anh-thu-nhap-12-15-trieu-di-lam-ngay-tai-ha-noi/1937214.html?ta_source=JobSearchList_LinkDetail,,
2025-11-03,Nhân Viên Kinh Doanh/Sales Bất Động Sản - Lương + Hoa Hồng Hấp Dẫn (Không Yêu Cầu Kinh Nghiệm),CÔNG TY CỔ PHẦN DXMD VIỆT NAM,7 - 75 triệu,Đồng Nai: Biên Hòa,https://www.topcv.vn/viec-lam/nhan-vien-kinh-doanh-sales-bat-dong-san-luong-hoa-hong-hap-dan-khong-yeu-cau-kinh-nghiem/1937247.html?ta_source=JobSearchList_LinkDetail,,
2025-11-03,Nhân Viên Kinh Doanh/ Sale/ Tư Vấn Sàn Thương Mại Điện Tử - Thu Nhập Upto 30 Triệu - Hà Nội,HỘ KINH DOANH NGUYỄN HỮU CÔNG,10 - 30 triệu,Hà Nội: Hà Đông,https://www.topcv.vn/viec-lam/nhan-vien-kinh-doanh-sale-tu-van-san-thuong-mai-dien-tu-thu-nhap-upto-30-trieu-ha-noi/1937273.html?ta_source=JobSearchList_LinkDetail,,
2025-11-03,Senior Drafter-Triển Khai Bản Vẽ-Họa Viên Nội Thất,CÔNG TY CỔ PHẦN XUẤT NHẬP KHẨU PACIFIC JOINERY,16 - 22 triệu,Hồ Chí Minh: Hóc Môn,https://www.topcv.vn/viec-lam/senior-drafter-trien-khai-ban-ve-hoa-vien-noi-that/1933827.html?ta_source=JobSearchList_LinkDetail,Còn 13 ngày,"Tổng Quan Vị Trí Chúng tôi đang tìm kiếm một chuyên viên triển khai bản vẽ nội thất có tư duy chi tiết và kỹ năng kỹ thuật vững vàng để gia nhập đội ngũ. Vị trí này tập trung vào việc chuyển đổi các bản vẽ thiết kế 2D từ khách hàng thành bản vẽ kỹ thuật chi tiết phục vụ sản xuất cho từng căn hộ và các dự án lớn, sử dụng vật liệu gỗ công nghiệp như MFC/MDF. Nhiệm Vụ Chính Dựng lại bản vẽ kỹ thuật chi tiết phục vụ sản xuất dựa trên bản vẽ thiết kế 2D do khách hàng cung cấp, phù hợp với từng căn hộ và dự án cụ thể. Đảm bảo bản vẽ đáp ứng tiêu chuẩn sản xuất, kết cấu vững chắc và đúng theo yêu cầu kỹ thuật của khách hàng. Quản lý tiến độ hoàn thành bản vẽ, đảm bảo đúng thời hạn theo kế hoạch dự án và cam kết giao hàng. Làm việc trực tiếp với khách hàng để chỉnh sửa và chốt bản vẽ sản xuất cuối cùng. Phát hiện và thông báo kịp thời cho khách hàng nếu có bất đồng giữa thiết kế và khả năng sản xuất, đồng thời đề xuất phương án xử lý phù hợp. Tuân thủ các tiêu chuẩn kỹ thuật và yêu cầu của khách hàng trong suốt quá trình triển khai bản vẽ. Áp dụng kiến thức chuyên sâu về kết cấu và thi công nội thất sử dụng ván gỗ công nghiệp (ví dụ: MFC, MDF...). Sử dụng phần mềm Cabinet Vision để triển khai bản vẽ và mô hình hóa ( ưu tiên nhưng không bắt buộc )."
2025-11-03,Booking Staff / Chứng Từ Xuất Nhập Khẩu (Có KN Xuất Khẩu +Mở Tờ Khai Hải Quan ) - Thu Nhập Hấp Dẫn -...,CÔNG TY TNHH THƯƠNG MẠI VÀ DỊCH VỤ VIỆT MỸ INTERNATIONAL,Thoả thuận,Hồ Chí Minh: Quận 2,https://www.topcv.vn/viec-lam/booking-staff-chung-tu-xuat-nhap-khau-co-kn-xuat-khau-mo-to-khai-hai-quan-thu-nhap-hap-dan-di-lam-ngay-tai-ho-chi-minh/1934812.html?ta_source=JobSearchList_LinkDetail,Còn 16 ngày,"Làm booking với các hãng giao nhận như DAMCO, DHL, KN... đúng hạn. Phối hợp với bộ phận logistics và kho để gửi kế hoạch xếp hàng hàng ngày. Làm việc và điều phối với dịch vụ vận tải để lấy container rỗng từ cảng về kho để đóng hàng. Lập packing list và mở tờ khai hải quan điện tử trên hệ thống thông quan tự động VNACCS. Chuẩn bị các chứng từ hải quan cần thiết. Kiểm tra vận đơn (Bill of Lading). Sắp xếp thanh toán các loại phí nội địa và phí vận tải."
2025-11-03,Travel Consultant (Inbound),CÔNG TY TNHH THƯƠNG MẠI - DỊCH VỤ DU LỊCH ĐẤT XANH,Tới 20 triệu,Hồ Chí Minh: Quận 2,https://www.topcv.vn/viec-lam/travel-consultant-inbound/1935498.html?ta_source=JobSearchList_LinkDetail,Còn 16 ngày,"Handle specific requests from B2B partners and B2C clients: consult, organize program, coordinate directly with Tour Operators, FIT clients to propose program including Vietnam, Laos, Cambodia, Myanmar, Thailand or other countries. Implement agreed sales activities with Clients. Draft itineraries/tour proposals and quotes especially for FIT/GIT enquiries. Follow up clients’ enquiries via email, phone or in person. Involve and responsible for sending/checking/following up invoice of accounts being in Charge. Be in charge of documentation and filing of bookings. Monitor and prepare sales reports on overall. Inspect hotels and other services. Monitor tourism news and magazines regarding new destinations and tourist developments. Plan and execute direct sales activities, under direction of direct supervisor. Work closely with Sales/Consulting, Operations, Contracting and Accounting department to ensure smooth operations within the company. Coordinate and organize special events and MICE projects (if required for certain project). Responsible for Customer Care and Acquisition of new clients. Develop new travel programs and products. Other duties may be assigned."
2025-11-03,Nhân Viên Editor - Thẩm Mỹ Viện,Măng Beauty Studio,8 - 20 triệu,Hồ Chí Minh: Quận 10,https://www.topcv.vn/viec-lam/nhan-vien-editor-tham-my-vien/1002452.html?ta_source=JobSearchList_LinkDetail,Còn 16 ngày,"- Lên ý tưởng & dựng cho Tiktok / Reels Facebook - Phối hợp với team Media triển khai video Tiktok, Reels, Insta, Campaign, quảng cáo - Chủ động cập nhật xu hướng, bắt trend và đưa ra các đề xuất để nâng cao chất lượng truyền thông - Sản xuất, lên ý tưởng quay dựng cho các video đa dạng phong phú phù hợp với xu hướng giới trẻ"
2025-11-03,"Kỹ Sư Kinh Doanh - Sales Engineer (Hỗ Trợ Laptop, Thu Nhập Đến 30 Triệu Và Không Giới Hạn)",CÔNG TY TNHH TỰ ĐỘNG HÓA THIÊN PHÚ THỊNH,Tới 30 triệu,Hồ Chí Minh: Thủ Đức,https://www.topcv.vn/viec-lam/ky-su-kinh-doanh-sales-engineer-ho-tro-laptop-thu-nhap-den-30-trieu-va-khong-gioi-han/1148385.html?ta_source=JobSearchList_LinkDetail,,
